Number of Posts,Followers,Following,Label,follower_following_ratio
-0.260870009,-0.221937096,-0.737090207,0,0.268554286
-0.409993593,-0.890231931,-0.956132683,0,-0.595696085
-0.355766835,-0.790942412,-1.026104585,0,-0.151319248
-0.409993593,-0.855862482,-1.032189098,0,-0.420623232
-0.409993593,-0.050089853,-0.548470297,0,0.145331022
3.006292164,3.447956254,0.787080353,0,0.603736726
-0.22019994,-0.2639442,-0.016075391,0,-0.319568379
-0.030406287,0.748045121,-0.58193512,0,0.957271231
-0.409993593,-0.882594276,-1.050442638,0,-0.526103846
-0.409993593,0.366162359,0.029558458,0,-0.038905224
-0.328653456,0.011011389,-0.390272954,0,0.029180628
1.16258239,0.675487397,1.012207342,0,-0.227473825
-0.030406287,-0.512167996,-0.837484675,0,0.048890327
-0.409993593,-0.878775448,-1.007851045,0,-0.541317396
-0.274426698,0.538009602,0.394629251,0,-0.11670293
-0.409993593,-0.40905965,-0.703625384,0,-0.026386698
-0.396436904,-0.840587172,-0.676245075,0,-0.557241558
-0.355766835,0.014830217,-0.390272954,0,0.031928361
0.105160608,-0.168473509,-0.013033135,0,-0.274410874
-0.057519666,-0.500711513,1.571982558,1,-0.546705528
-0.409993593,-0.897869586,-1.12041454,0,-0.564829246
-0.382880214,-0.561812755,-0.435906803,0,-0.367435974
0.281397572,-0.405240822,-0.174272735,0,-0.349084899
0.90500529,3.134812389,0.020431688,0,1.261054736
3.101188991,0.41198829,-1.023062328,0,4.889919965
-0.274426698,-0.05390868,0.522404028,0,-0.349652436
-0.409993593,-0.210480613,0.765784557,0,-0.429695105
-0.382880214,2.340496242,0.282065756,0,0.613021457
1.962427072,-0.817674206,-0.466329369,0,-0.560390431
0.037377161,1.962432307,0.193840315,0,0.540103867
-0.409993593,-0.798580068,-0.837484675,0,-0.448475732
-0.369323525,-0.806217723,-0.527174501,0,-0.54382837
-0.409993593,-0.890231931,-0.804019852,0,-0.609535836
-0.016849597,-0.367052546,-0.807062109,0,0.219449074
0.010263782,-0.897869586,-0.791850826,0,-0.621731875
-0.071076356,1.950975824,1.80319406,0,-0.097494943
0.8914486,0.045380838,0.987869289,0,-0.384571729
-0.193086561,-0.267763027,-0.317258795,0,-0.211211021
-0.409993593,-0.901688414,2.706744272,1,-0.627527513
-0.396436904,2.348133897,0.841840972,0,0.267165285
-0.328653456,-0.832949516,-1.123456796,0,0.61389817
1.311705975,-0.057727508,-0.657991535,0,0.307561362
-0.274426698,-0.653464618,-0.901372064,0,-0.087415937
-0.409993593,-0.347958408,1.958349147,1,-0.529772151
-0.247313319,0.896979399,-0.396357467,0,0.677049677
-0.369323525,0.499821326,-0.101258576,0,0.104012669
1.135469011,0.744226294,1.80319406,1,-0.321712201
1.325262665,1.515629475,2.731082325,0,-0.28565748
-0.409993593,-0.855862482,-0.104300833,0,-0.603538611
0.294954261,0.014830217,0.105614873,0,-0.227712478
-0.409993593,-0.733659998,-0.788808569,0,-0.374644503
0.972788737,0.832059329,0.647136549,0,-0.098616796
-0.260870009,1.729483822,-0.889203037,0,4.834428395
2.5724781,0.988631262,-1.004808789,0,6.33965744
0.864335221,-0.867318965,2.925786748,1,-0.622898782
-0.409993593,-0.897869586,2.262574808,1,-0.626913371
-0.342210146,-0.676377584,-0.995682019,0,0.154995086
-0.328653456,-0.431972615,1.045672165,0,-0.510195901
-0.409993593,-0.897869586,0.6015027,1,-0.626332225
0.308510951,-0.260125372,-0.804019852,0,0.380006374
1.040572185,0.098844425,-0.618442199,0,0.399156606
-0.382880214,-0.56945041,-0.807062109,0,-0.101192063
-0.409993593,-0.508349168,-0.633653482,0,-0.212105663
-0.409993593,0.755682777,1.465503577,0,-0.279883464
-0.328653456,-0.72984117,-0.968301709,0,-0.118746495
-0.409993593,-0.897869586,-1.123456796,1,-0.558559419
-0.409993593,-0.34413958,-0.697540871,0,0.04376193
-0.274426698,-0.810036551,-0.26858269,1,-0.570646611
-0.382880214,-0.901688414,-0.685371845,1,-0.627527513
0.267840882,2.741473143,1.173446942,0,0.232545182
-0.071076356,0.484546015,1.407700701,0,-0.330194758
0.118717298,1.60346251,0.403756021,0,0.256126185
-0.396436904,-0.768029447,-0.800977596,0,-0.419434127
-0.409993593,-0.34413958,0.863136768,1,-0.475652073
-0.315096767,0.641117948,0.498065975,0,-0.114394736
3.562116435,-0.56945041,1.276883667,1,-0.55243084
-0.206643251,0.679306224,0.45851664,0,-0.088795613
0.362737709,0.797689881,0.686685885,0,-0.120241536
-0.409993593,-0.901688414,-0.858780471,1,-0.627527513
-0.409993593,-0.87495662,-0.41156875,1,-0.607741584
-0.382880214,-0.416697305,-0.378103927,0,-0.284039361
0.688098257,-0.103553439,1.952264634,1,-0.486348947
0.593201431,-0.435791443,-1.038273611,0,1.586711278
-0.409993593,-0.886413103,-0.560639324,1,-0.613380212
-0.260870009,0.068293804,0.437220843,0,-0.292577307
-0.396436904,0.125576218,-0.934836887,0,1.949197091
-0.409993593,-0.790942412,0.1177839,1,-0.579678835
-0.409993593,-0.897869586,-1.020020072,1,-0.611852946
-0.409993593,-0.867318965,-1.065653921,0,-0.413488602
-0.409993593,0.179039805,0.482854692,0,-0.264739958
-0.369323525,-0.462523236,-0.764470517,0,-0.007892298
1.121912322,-0.535080961,1.182573712,1,-0.541317396
-0.328653456,1.82877334,1.012207342,0,0.065059381
-0.409993593,-0.901688414,-0.959174939,1,-0.627527513
-0.369323525,0.41198829,-0.320301052,0,0.238349281
-0.396436904,-0.267763027,-0.445033573,0,-0.136166847
-0.396436904,2.050265343,0.978742519,0,0.132990836
0.091603919,0.988631262,0.400713764,0,0.040558716
-0.396436904,-0.512167996,1.070010218,0,-0.531292964
0.05093385,0.312698772,1.921842068,1,-0.410595231
-0.355766835,1.74857796,1.060883448,0,0.029943049
-0.409993593,-0.890231931,-1.071738434,1,-0.550896298
-0.409993593,-0.695471722,1.222123048,1,-0.579841507
-0.409993593,-0.416697305,-0.661033792,0,-0.086851718
-0.409993593,-0.611457514,-0.75230149,0,-0.23043849
-0.409993593,-0.901688414,-1.041315868,1,-0.627527513
-0.003292908,-0.787123585,-0.837484675,1,-0.428581089
-0.409993593,-0.878775448,-0.937879143,1,-0.569244617
0.498304604,0.335611738,2.283870604,1,-0.429778289
-0.409993593,-0.901688414,-0.977428479,1,-0.627527513
-0.409993593,-0.64964579,-0.776639543,0,-0.260439273
0.172944056,0.228684564,-0.07996278,0,-0.049211488
-0.409993593,-0.897869586,-1.023062328,1,-0.611488421
-0.396436904,0.725132156,0.726235221,0,-0.152116383
-0.409993593,-0.901688414,1.520264196,1,-0.627527513
-0.287983388,-0.221937096,-0.344639105,0,-0.166011699
-0.409993593,-0.355596063,-0.305089769,0,-0.274035134
-0.409993593,-0.863500137,1.985729456,1,-0.620844558
-0.409993593,-0.901688414,-0.791850826,1,-0.627527513
-0.409993593,1.718027339,-0.469371626,0,1.475233026
-0.409993593,-0.756572964,-0.764470517,0,-0.422778485
-0.409993593,-0.56945041,-0.828357905,0,-0.066758902
-0.23375663,-0.642008135,2.880152899,1,-0.59215926
-0.409993593,0.996268917,1.048714421,0,-0.154086319
-0.382880214,0.706038018,0.272938987,0,-0.00843226
1.311705975,-0.760391791,-0.712752154,1,-0.451539964
-0.260870009,0.289785806,0.102572617,0,-0.10650947
0.091603919,-0.221937096,-0.560639324,0,0.002027392
-0.260870009,-0.202842958,0.549784338,0,-0.402149636
5.283816003,-0.241031234,-1.105203257,0,6.829647594
-0.409993593,-0.378509029,0.08127682,0,-0.394802665
-0.409993593,-0.50453034,-0.819231136,0,0.024534462
-0.301540077,0.022467872,0.61975624,0,-0.341244861
-0.409993593,-0.901688414,0.823587432,1,-0.627527513
1.17613908,-0.790942412,2.116546491,1,-0.608922167
-0.287983388,2.661277763,0.528488542,1,0.536075222
-0.409993593,-0.535080961,-0.76142826,0,-0.114276585
-0.409993593,-0.901688414,0.774911327,1,-0.627527513
-0.152416493,-0.382327856,-0.23207561,0,-0.317967753
0.172944056,-0.416697305,-0.469371626,0,-0.238240941
-0.409993593,-0.871137793,1.492883886,1,-0.621185619
-0.396436904,-0.832949516,-0.937879143,1,-0.452678825
0.362737709,0.488364843,2.80713874,1,-0.434713488
-0.409993593,-0.748935309,0.364206685,1,-0.572242468
0.091603919,-0.05390868,2.201729676,1,-0.488715938
-0.125303114,0.274510496,-0.390272954,0,0.218774192
-0.342210146,-0.638189307,1.133897606,1,-0.564245618
-0.206643251,-0.642008135,-0.873991754,0,-0.117763344
-0.409993593,-0.87495662,-1.089991974,0,-0.397633868
-0.342210146,-0.389965512,1.316433003,1,-0.513713171
-0.409993593,-0.821493033,-1.062611664,0,-0.144750858
-0.138859803,0.228684564,-0.454160343,0,0.260061864
1.555726386,0.224865737,0.327699605,0,-0.209753641
-0.193086561,2.699466039,-0.624526713,0,3.110226059
-0.396436904,-0.695471722,2.104377464,1,-0.592753684
0.118717298,0.465451877,-0.07083601,0,0.066028034
2.233560862,0.904617054,2.566800468,1,-0.360790733
-0.409993593,0.675487397,-0.016075391,0,0.134072022
0.037377161,0.17140215,-0.174272735,0,-0.025663095
-0.206643251,-0.229574751,-0.758386003,0,0.306194368
-0.179529872,-0.011901576,-0.365934901,0,-0.007080958
-0.165973182,0.247778702,-0.031286674,0,-0.064942252
-0.409993593,-0.202842958,1.209954022,1,-0.465093007
2.342014378,0.564741395,2.32341994,1,-0.395823682
-0.409993593,-0.901688414,1.708884105,1,-0.627527513
-0.355766835,-0.760391791,-0.773597286,0,-0.423381956
0.227170814,-0.363233718,-0.673202818,0,-0.012052755
-0.23375663,0.014830217,3.190463073,1,-0.511614751
0.240727503,-0.431972615,-0.855738215,0,0.238092436
-0.409993593,-0.867318965,0.881390308,1,-0.618249294
3.019848854,1.702752028,2.262574808,1,-0.208682991
-0.409993593,0.114119735,-0.152976939,0,-0.06991314
0.172944056,-0.32886427,-0.372019414,0,-0.224990002
-0.369323525,-0.000445094,0.023473945,0,-0.206946891
-0.165973182,-0.359414891,-0.448075829,0,-0.205395217
-0.328653456,2.577263555,-0.487625165,0,2.241419206
-0.328653456,-0.454885581,-0.880076268,0,0.269057702
0.118717298,-0.706928205,-0.703625384,0,-0.389867191
-0.409993593,-0.760391791,-0.624526713,1,-0.480871222
-0.409993593,2.416872795,-0.639737996,0,2.918820015
-0.409993593,-0.87495662,-0.819231136,1,-0.583638726
-0.409993593,0.030105527,-0.919625604,0,1.55795493
-0.409993593,-0.706928205,0.446347613,1,-0.560657308
0.457634536,1.614918993,2.594180778,0,-0.258615389
2.884281959,1.240673885,-0.563681581,0,1.366859108
-0.409993593,-0.733659998,1.535475479,1,-0.593199502
-0.138859803,-0.103553439,-0.980470736,0,1.901302581
1.135469011,-0.050089853,-0.487625165,0,0.074750334
-0.301540077,-0.221937096,-0.417653263,0,-0.120241536
-0.409993593,-0.775667102,-0.977428479,0,-0.235122843
-0.409993593,-0.886413103,-0.703625384,1,-0.608887488
-0.409993593,-0.073002818,-0.076920523,0,-0.204756996
-0.409993593,-0.886413103,-0.947005913,1,-0.586958046
5.866753652,3.153906527,0.002178148,0,1.299949205
0.267840882,1.500354164,2.518124363,1,-0.268116321
0.308510951,0.014830217,2.48465954,1,-0.489130001
4.199280842,1.958613479,0.069107794,0,0.657475025
0.308510951,-0.695471722,-0.861822728,0,-0.239581987
14.93617894,0.270691668,0.595418187,0,-0.259297866
1.189695769,1.626375476,0.126910669,0,0.456958898
-0.409993593,-0.901688414,-1.126499053,1,-0.627527513
1.948870382,2.726197833,0.881390308,0,0.351840033
-0.301540077,-0.221937096,-0.621484456,0,0.073976524
-0.382880214,0.572379051,0.726235221,0,-0.196755926
0.145830677,-0.832949516,-0.889203037,0,-0.484834906
-0.342210146,-0.790942412,-0.350723618,1,-0.551767107
-0.247313319,-0.260125372,-0.560639324,0,-0.033340861
-0.409993593,-0.798580068,-1.026104585,0,-0.184161198
0.091603919,-0.687834066,-0.925710117,0,-0.112565748
-0.409993593,-0.894050758,-0.92266786,1,-0.609378014
-0.409993593,3.321934943,-0.505878705,0,2.953632646
-0.016849597,-0.27921951,-0.043455701,0,-0.319533013
-0.382880214,-0.878775448,-0.408526494,1,-0.610637367
-0.206643251,-0.63437048,-0.289878486,0,-0.457535733
-0.382880214,-0.451066754,0.485896949,1,-0.47653985
-0.409993593,1.08792078,-0.478498396,0,0.991048014
0.728768326,-0.023358059,-0.441991316,0,0.050364004
-0.409993593,-0.470160892,1.465503577,1,-0.537011896
-0.342210146,1.714208511,0.750573274,0,0.127155299
-0.301540077,-0.810036551,-0.989597506,0,-0.321002653
-0.369323525,-0.493073857,-0.673202818,0,-0.160465108
1.826860177,0.243959875,1.63282769,1,-0.401649477
0.33562433,-0.42433496,0.546742081,1,-0.473305479
-0.125303114,1.889874582,3.01401219,1,-0.259529875
-0.206643251,0.740407466,0.361164428,0,-0.032019878
-0.409993593,0.866428778,0.254685447,0,0.062153422
-0.247313319,1.504172992,-0.797935339,0,3.086139059
0.186500745,1.168116161,1.13998212,0,-0.131762172
-0.409993593,-0.821493033,2.919702235,1,-0.616711008
-0.409993593,-0.836768344,0.479812436,1,-0.605694038
-0.179529872,2.95532749,-0.031286674,0,1.260217051
-0.247313319,-0.901688414,-0.588019633,1,-0.627527513
-0.260870009,2.355771553,0.148206466,0,0.747000144
-0.409993593,-0.901688414,1.772771494,1,-0.627527513
2.328457689,0.285966979,-0.277709459,0,0.117232108
0.010263782,2.027352377,0.154290979,0,0.602670806
-0.206643251,-0.695471722,0.139079696,1,-0.539897465
-0.409993593,-0.687834066,-0.9409214,0,-0.075782765
4.917785386,1.729483822,-1.020020072,0,10.17224894
-0.409993593,2.764386109,-0.225991097,0,1.543271495
0.484747915,-0.477798547,-0.788808569,0,0.010427352
-0.369323525,2.87513211,-0.606273173,0,3.161886067
-0.152416493,-0.668739928,0.07215005,0,-0.523134121
-0.409993593,-0.664921101,-0.937879143,0,-0.025270922
-0.396436904,2.329039759,2.712828786,0,-0.168463728
-0.409993593,-0.63437048,-0.667118305,0,-0.325792104
-0.382880214,-0.187567647,0.665390089,0,-0.411858057
-0.409993593,0.99245009,0.263812217,0,0.106553482
-0.409993593,-0.817674206,-1.059569408,0,-0.138076527
-0.409993593,-0.897869586,-1.09303423,1,-0.593043466
0.308510951,3.062254664,0.063023281,0,1.162194513
2.55892141,2.749110798,0.011304918,0,1.093973724
-0.409993593,-0.867318965,-0.575850607,1,-0.594858416
-0.193086561,-0.684015239,-1.068696177,0,0.776465819
-0.355766835,-0.267763027,-0.59106189,0,-0.008678674
-0.315096767,-0.638189307,-0.247286893,0,-0.46783629
-0.355766835,-0.684015239,-1.004808789,0,0.174754391
0.701654947,-0.298313648,-0.804019852,0,0.320034119
-0.369323525,-0.741297653,-1.126499053,0,2.590983516
-0.409993593,-0.901688414,-0.633653482,1,-0.627527513
-0.409993593,0.709856845,-0.554554811,0,0.849860073
-0.409993593,0.201952771,-0.356808131,0,0.133227411
2.179334104,-0.664921101,-0.505878705,0,-0.426775316
-0.409993593,-0.886413103,-0.606273173,1,-0.61220127
-0.409993593,-0.561812755,0.409840534,1,-0.508108051
-0.098189735,-0.871137793,-1.041315868,0,-0.478407311
-0.409993593,-0.863500137,-0.983512992,0,-0.504370203
-0.111746424,-0.107372267,2.329504453,1,-0.502240496
0.091603919,-0.477798547,-0.916583347,0,0.35394151
-0.409993593,-0.813855378,-0.74317472,0,-0.510026316
-0.287983388,1.821135685,0.872263538,0,0.110824599
-0.193086561,1.240673885,0.488939206,0,0.088974347
-0.409993593,-0.901688414,-0.60018866,1,-0.627527513
0.864335221,-0.760391791,-0.861822728,0,-0.361712986
-0.409993593,-0.871137793,-0.852695958,1,-0.57179572
0.281397572,2.596357693,0.887474821,0,0.31397433
-0.23375663,-0.775667102,2.292997374,1,-0.607439719
-0.274426698,-0.084459301,-0.253371407,0,-0.128906837
-0.409993593,-0.72984117,0.285108013,0,-0.561913048
-0.409993593,0.053018493,0.622798496,0,-0.332287387
-0.409993593,-0.901688414,-0.861822728,1,-0.627527513
2.938508717,-0.619095169,-0.588019633,0,-0.353138324
-0.409993593,-0.855862482,-1.020020072,0,-0.439432712
-0.274426698,-0.557993927,2.192602906,1,-0.571099073
-0.409993593,-0.894050758,-0.703625384,1,-0.6182075
-0.396436904,-0.592363376,-0.767512773,0,-0.187652271
-0.382880214,0.247778702,-0.737090207,0,0.887756877
-0.396436904,-0.092096957,-0.381146184,0,-0.051888307
-0.409993593,-0.901688414,-0.800977596,1,-0.627527513
-0.409993593,-0.901688414,-0.676245075,1,-0.627527513
-0.396436904,-0.420516133,-0.445033573,0,-0.254567007
-0.030406287,-0.523624479,0.26076996,0,-0.480692217
0.972788737,-0.340320752,2.767589405,1,-0.548874993
-0.003292908,2.626908314,-0.378103927,0,1.871551639
-0.355766835,-0.836768344,-0.816188879,0,-0.521900703
-0.315096767,-0.680196411,-1.010893302,0,0.223568109
-0.016849597,0.984812434,-0.146892425,0,0.401784819
1.73196335,0.874066433,1.751475698,0,-0.291714283
-0.315096767,1.149022022,1.711926362,0,-0.234365451
-0.22019994,1.645469614,-0.734047951,0,2.705930338
-0.382880214,-0.817674206,0.017389431,1,-0.588117174
-0.111746424,0.732769811,2.688490733,0,-0.393811408
-0.23375663,-0.454885581,-0.706667641,0,-0.078597789
-0.409993593,-0.863500137,3.132660197,1,-0.622632687
-0.369323525,-0.615276342,0.665390089,0,-0.541029068
-0.084633045,-0.802398895,-0.682329588,0,-0.511839098
-0.409993593,-0.817674206,0.42200956,1,-0.598236045
1.433716181,-0.332683097,-0.375061671,0,-0.226111656
0.240727503,-0.073002818,0.93310867,0,-0.409363135
-0.409993593,0.335611738,-0.289878486,0,0.159291582
-0.003292908,-0.50453034,0.114741643,0,-0.455520757
-0.409993593,-0.680196411,-0.034328931,1,-0.5188278
-0.396436904,-0.733659998,0.394629251,0,-0.567908729
3.12830237,0.011011389,3.050519269,0,-0.508255629
-0.301540077,1.290318645,0.42200956,0,0.136713523
0.525417983,0.358524703,-0.654949279,0,0.7602451
-0.152416493,2.985878111,0.510235002,0,0.656010315
-0.409993593,-0.080640474,-0.60018866,0,0.18720546
1.474386249,-0.080640474,1.091306014,1,-0.426604205
-0.409993593,-0.890231931,-1.010893302,1,-0.583505325
-0.071076356,2.638364797,0.376375711,0,0.643514687
0.145830677,3.142450044,0.002178148,0,1.294504355
2.043767209,2.970602801,0.78099584,0,0.472058128
-0.409993593,-0.603819859,-0.524132245,1,-0.36764774
-0.328653456,-0.027176887,-0.295962999,0,-0.067467463
-0.030406287,-0.393784339,0.787080353,0,-0.483753901
0.511861294,0.33179291,0.041727484,0,-0.06069051
-0.098189735,-0.370871373,0.169502262,0,-0.407146708
-0.274426698,-0.267763027,-0.41156875,0,-0.158318352
-0.301540077,-0.18374882,-0.785766313,0,0.444042865
-0.071076356,-0.806217723,0.212093854,1,-0.58912657
4.782218491,-0.11882875,-0.326385565,0,-0.10773122
0.972788737,3.40594915,-0.013033135,0,1.447032739
0.742325015,-0.645826963,1.219080791,0,-0.568285689
-0.030406287,-0.56945041,-0.216864327,0,-0.432715041
-0.179529872,0.877885261,-0.043455701,0,0.252996639
0.281397572,-0.42433496,-0.009990878,0,-0.398245287
-0.206643251,1.546180096,-0.825315649,0,3.465856553
-0.315096767,-0.080640474,-0.93179463,0,1.403724555
-0.396436904,-0.817674206,1.380320392,1,-0.60931265
-0.409993593,0.232503392,0.075192307,0,-0.120509598
-0.409993593,-0.832949516,-0.548470297,1,-0.565144313
-0.125303114,0.117938563,-0.42069552,0,0.136558834
-0.409993593,-0.894050758,-0.992639762,1,-0.601501817
-0.409993593,-0.855862482,-0.189484018,1,-0.601419717
-0.409993593,-0.894050758,-1.044358124,1,-0.589211905
-0.315096767,1.374332852,1.066967961,0,-0.064445544
-0.396436904,-0.466342064,0.044769741,0,-0.427975161
-0.409993593,-0.901688414,-1.074780691,1,-0.627527513
-0.382880214,-0.416697305,1.684546052,0,-0.533648114
-0.152416493,-0.42433496,-0.624526713,0,-0.132067071
0.023820471,-0.283038338,-0.210779814,0,-0.267113605
-0.409993593,-0.340320752,0.017389431,0,-0.364194792
-0.355766835,-0.798580068,0.300319296,0,-0.58857064
0.430521157,-0.389965512,-0.597146403,0,-0.122515244
0.60675812,0.499821326,0.409840534,0,-0.135089958
-0.165973182,1.107014918,-0.256413663,0,0.602208662
-0.409993593,-0.901688414,1.091306014,1,-0.627527513
-0.409993593,-0.336501925,-0.365934901,0,-0.233424122
-0.409993593,-0.897869586,-0.712752154,1,-0.622771093
-0.409993593,0.453995394,-0.271624946,0,0.21673708
0.267840882,-0.653464618,-0.834442419,0,-0.200582172
1.528613007,-0.622913997,-0.24120238,0,-0.459705152
-0.355766835,2.661277763,2.831476793,0,-0.136327275
-0.409993593,-0.901688414,-0.350723618,1,-0.627527513
-0.409993593,-0.871137793,-0.633653482,1,-0.595261738
-0.409993593,-0.748935309,2.98663188,1,-0.607257684
-0.409993593,-0.901688414,2.052659102,1,-0.627527513
-0.409993593,-0.901688414,-0.594104147,1,-0.627527513
0.403407778,1.618737821,0.151248722,0,0.433520079
-0.409993593,-0.901688414,0.09040359,1,-0.627527513
-0.409993593,-0.680196411,0.7627423,0,-0.564033078
-0.409993593,-0.844405999,-1.004808789,0,-0.416400696
-0.396436904,-0.030995715,-0.058666984,0,-0.190729587
0.132273987,-0.221937096,0.017389431,0,-0.308662042
-0.247313319,-0.412878477,-0.703625384,0,-0.031046704
-0.206643251,-0.710747032,-0.910498834,0,-0.196476929
-0.409993593,-0.580906893,1.432038754,1,-0.559370809
-0.111746424,1.52326713,2.98663188,0,-0.305743976
-0.409993593,-0.420516133,-0.539343528,0,-0.197330494
-0.409993593,-0.798580068,1.675419283,1,-0.607504518
0.037377161,1.592006027,0.330741862,0,0.295344722
-0.193086561,0.534190774,0.239474164,0,-0.061326571
-0.409993593,-0.607638686,-0.867907241,0,-0.062576109
-0.409993593,-0.160835854,-0.977428479,0,1.679336303
-0.409993593,0.156126839,-0.210779814,0,-0.011264226
-0.193086561,-0.073002818,-0.171230478,0,-0.164181498
-0.043962976,-0.367052546,0.275981243,0,-0.422090639
-0.328653456,0.247778702,-0.794893083,0,1.131743346
1.067685564,1.103196091,1.553729018,0,-0.220693254
1.420159491,3.123355906,2.737166838,0,-0.059174342
-0.409993593,-0.890231931,-0.277709459,1,-0.620343336
-0.342210146,-0.703109377,-0.953090426,0,-0.084142534
-0.084633045,0.278329323,0.577164647,0,-0.252990766
-0.409993593,-0.802398895,-0.928752373,0,-0.385207184
0.633871499,0.247778702,-0.505878705,0,0.347092024
-0.084633045,-0.451066754,-0.505878705,0,-0.245450751
-0.396436904,-0.126466405,-0.606273173,0,0.150279319
-0.396436904,-0.393784339,-0.42069552,0,-0.246915213
-0.409993593,-0.813855378,1.11260181,1,-0.60623535
-0.409993593,-0.703109377,-0.870949498,0,-0.241899463
-0.409993593,-0.836768344,-0.916583347,0,-0.477212437
-0.355766835,0.3165176,1.714968618,0,-0.394220813
-0.098189735,-0.141741716,0.540657568,0,-0.38112445
-0.409993593,-0.878775448,-0.898329807,1,-0.578264589
-0.409993593,-0.882594276,-0.76142826,1,-0.600795694
1.759076729,-0.13410406,-0.165145965,0,-0.200986381
0.593201431,1.267405679,-0.198610788,0,0.620048191
0.972788737,2.26411969,-0.968301709,0,8.745349452
-0.22019994,-0.584725721,-0.797935339,0,-0.138266679
-0.409993593,-0.64964579,-0.192526274,1,-0.483480229
0.660984878,3.043160526,-0.42982229,0,2.365919569
-0.396436904,-0.901688414,-0.57280835,1,-0.627527513
-0.409993593,-0.897869586,0.400713764,1,-0.626177844
-0.409993593,-0.882594276,-0.24120238,1,-0.616032831
-0.409993593,0.358524703,-0.235117867,0,0.12609735
-0.369323525,-0.092096957,-0.767512773,0,0.523750898
5.229589245,0.25159753,1.556771275,0,-0.393763604
-0.409993593,-0.867318965,-0.807062109,1,-0.573079018
-0.369323525,-0.103553439,-0.076920523,0,-0.220343006
-0.409993593,-0.737478826,-0.58193512,0,-0.469781342
3.074075612,0.339430565,0.111699386,0,-0.088714283
0.430521157,0.63729912,0.282065756,0,-0.038668579
-0.247313319,-0.145560543,-0.22294884,0,-0.181263379
0.294954261,2.237387896,2.232152242,0,-0.118167469
-0.409993593,-0.653464618,2.3051664,1,-0.588099843
-0.409993593,-0.752754136,0.391586994,1,-0.574579567
-0.179529872,-0.844405999,-0.320301052,1,-0.589771257
1.650623213,2.756748454,1.994856226,0,0.010843826
0.145830677,-0.298313648,0.41288279,0,-0.41593608
0.078047229,1.630194303,0.473727923,0,0.227161197
-0.23375663,-0.603819859,-0.92266786,0,0.08030292
-0.409993593,-0.32886427,-0.198610788,0,-0.298062098
-0.409993593,0.121757391,-0.344639105,0,0.067338993
-0.409993593,0.068293804,0.333784119,0,-0.269288336
-0.287983388,2.256482034,1.435081011,0,0.042702961
3.98237381,-0.011901576,0.047811998,0,-0.220703063
-0.409993593,-0.764210619,2.259532551,1,-0.605398713
-0.355766835,2.978240456,0.139079696,0,1.021215616
-0.247313319,0.140851529,-0.350723618,0,0.085665272
-0.016849597,-0.771848274,-0.764470517,0,-0.444331014
-0.409993593,-0.848224827,-0.910498834,0,-0.506833349
-0.23375663,-0.577088065,-0.588019633,0,-0.312350742
-0.193086561,3.257014873,-0.773597286,0,5.38097279
-0.409993593,-0.416697305,-0.867907241,0,0.304275452
0.159387366,-0.836768344,-0.469371626,0,-0.575418287
-0.098189735,0.961899469,-0.156019195,0,0.398583146
1.352376044,1.393426991,2.131757774,0,-0.243732844
0.593201431,-0.458704409,0.546742081,1,-0.484409465
1.813303487,0.26687284,0.136037439,0,-0.129786083
-0.016849597,-0.813855378,-1.096076487,0,0.207349408
-0.382880214,-0.378509029,-0.046497957,0,-0.367949798
-0.409993593,-0.855862482,-1.071738434,0,-0.321002653
-0.409993593,2.848400317,1.082179244,0,0.29392375
-0.409993593,-0.557993927,-0.788808569,0,-0.110266812
-0.071076356,-0.573269238,-0.57280835,0,-0.316990547
-0.409993593,-0.882594276,-0.545428041,1,-0.610285489
-0.409993593,-0.901688414,-1.050442638,1,-0.627527513
-0.409993593,-0.901688414,0.914855131,1,-0.627527513
-0.396436904,-0.764210619,-0.25945592,0,-0.543076786
0.037377161,-0.5541751,-1.074780691,0,1.786355759
-0.409993593,-0.783304757,0.212093854,1,-0.579910344
-0.260870009,-0.473979719,-0.536301271,0,-0.247013894
-0.274426698,0.988631262,2.767589405,0,-0.362677193
-0.287983388,-0.428153788,-0.636695739,0,-0.124466125
-0.369323525,-0.500711513,-1.108245513,0,4.20023903
-0.409993593,-0.871137793,-0.883118524,1,-0.565533721
-0.409993593,-0.832949516,-0.749259234,0,-0.534187236
-0.409993593,0.018649045,1.136939863,0,-0.406792977
-0.382880214,-0.840587172,-1.086949717,0,-0.125941378
-0.409993593,-0.431972615,-0.58193512,0,-0.176300093
0.986345427,-0.5541751,2.925786748,1,-0.580725898
-0.247313319,1.133746712,0.476770179,0,0.058293267
0.132273987,-0.084459301,-0.959174939,0,1.678593113
1.393046112,0.049199666,0.145164209,0,-0.225348232
-0.396436904,0.079750287,-0.095174063,0,-0.118194179
-0.409993593,-0.546537444,0.172544518,0,-0.480416671
-0.382880214,-0.462523236,-0.335512335,0,-0.332682504
-0.030406287,0.347068221,0.145164209,0,-0.099364361
-0.409993593,-0.901688414,0.796207123,1,-0.627527513
-0.409993593,-0.645826963,0.437220843,1,-0.539174506
-0.409993593,-0.87495662,-0.892245294,1,-0.571390693
-0.409993593,-0.64964579,-0.785766313,0,-0.251337912
-0.342210146,1.271224506,1.912715298,0,-0.238213572
-0.369323525,0.809146364,-0.362892644,0,0.56084579
-0.409993593,-0.726022343,-0.691456358,0,-0.418808283
0.416964467,0.205771598,2.356884763,1,-0.454210813
-0.301540077,0.045380838,-0.22294884,0,-0.068570415
-0.071076356,0.354705876,2.804096484,0,-0.453119344
-0.287983388,-0.481617375,-0.624526713,0,-0.191522324
-0.22019994,1.179572643,-0.624526713,0,1.532680013
0.511861294,-0.672558756,0.501108232,1,-0.551459763
-0.382880214,-0.103553439,-0.396357467,0,-0.048638696
-0.071076356,-0.451066754,-0.365934901,0,-0.313309944
-0.396436904,-0.768029447,-0.861822728,0,-0.376081339
-0.382880214,-0.878775448,-0.7796818,0,-0.59388454
-0.409993593,2.962965146,-0.280751716,0,1.80437878
0.010263782,-0.466342064,-0.119512116,0,-0.396281552
-0.409993593,0.389075324,1.593278354,0,-0.369374516
-0.301540077,-0.79476124,-0.387230697,0,-0.550896298
-0.125303114,3.432680944,-0.375061671,0,2.430237569
-0.016849597,-0.05390868,0.537615311,0,-0.352151312
-0.22019994,-0.32886427,-0.947005913,0,0.89382749
1.338819354,1.576730717,2.384265072,0,-0.242658272
0.227170814,-0.733659998,-0.785766313,0,-0.376734446
0.010263782,2.11900424,1.79406729,0,-0.064537194
-0.409993593,-0.836768344,-1.077822947,0,-0.158544477
0.90500529,2.096091274,0.345953145,0,0.470645984
-0.301540077,1.431615267,-0.791850826,0,2.91360737
1.474386249,0.770958087,-0.390272954,0,0.575979457
-0.382880214,-0.565631582,0.196882571,0,-0.490833994
-0.274426698,-0.481617375,-0.508920962,0,-0.269674198
-0.409993593,-0.577088065,-0.499794192,0,-0.354862957
-0.301540077,1.359057542,-0.584977377,0,1.555847425
-0.409993593,-0.806217723,-0.657991535,0,-0.521748228
2.613148168,0.129395046,-1.044358124,0,4.545079498
-0.138859803,-0.50453034,-0.877034011,0,0.16067927
-0.315096767,0.748045121,-0.651907022,0,1.178182571
-0.409993593,-0.901688414,-0.77055503,1,-0.627527513
-0.179529872,1.210123264,1.714968618,0,-0.223080475
-0.409993593,-0.760391791,-0.749259234,0,-0.435661388
-0.315096767,-0.447247926,0.09040359,0,-0.4268624
-0.409993593,-0.901688414,1.216038535,1,-0.627527513
-0.043962976,0.484546015,0.653221062,0,-0.20605583
-0.138859803,-0.699290549,-0.575850607,0,-0.435142831
0.932118669,-0.580906893,-0.819231136,0,-0.100862072
-0.409993593,-0.768029447,-0.350723618,0,-0.53609254
-0.409993593,-0.894050758,-1.020020072,1,-0.596178379
-0.396436904,-0.855862482,-0.484582909,0,-0.589908553
-0.409993593,-0.103553439,0.24251642,0,-0.313489789
-0.409993593,-0.481617375,-0.594104147,0,-0.215218258
2.070880588,0.129395046,2.110461977,0,-0.45398245
-0.125303114,-0.897869586,-0.977428479,1,-0.615636462
0.200057435,2.982059284,0.160375492,0,0.996096354
-0.409993593,-0.890231931,-0.749259234,1,-0.6119708
-0.22019994,-0.603819859,-1.065653921,0,1.227476381
0.525417983,0.99245009,-0.043455701,0,0.309682744
-0.369323525,0.282148151,-0.162103708,0,0.028304051
3.507889676,1.423977612,0.08127682,0,0.406993889
0.362737709,-0.050089853,0.239474164,0,-0.291722167
-0.152416493,-0.756572964,2.469448257,1,-0.60552258
-0.369323525,0.10648208,-0.797935339,0,0.928675622
-0.409993593,0.289785806,0.020431688,0,-0.070065203
2.233560862,3.043160526,-0.299005256,0,1.907847596
-0.409993593,-0.244850062,0.784038097,0,-0.441302833
-0.409993593,-0.867318965,-0.575850607,1,-0.594858416
-0.369323525,-0.871137793,-0.983512992,0,-0.529001665
1.840416866,-0.508349168,-0.661033792,0,-0.189026672
-0.409993593,-0.840587172,-1.071738434,0,-0.2188277
-0.409993593,2.500887003,0.415925047,0,0.563375031
1.772633419,-0.622913997,-0.953090426,0,0.1353014
-0.409993593,0.049199666,-0.545428041,0,0.231125251
2.043767209,0.3165176,0.275981243,0,-0.159424921
-0.355766835,-0.535080961,-0.846611445,0,0.028010801
-0.315096767,0.156126839,0.467643409,0,-0.26910046
-0.409993593,-0.852043654,0.199924828,0,-0.60737953
-0.111746424,1.183391471,-0.362892644,0,0.82080245
-0.369323525,-0.687834066,2.691532989,1,-0.596972028
-0.409993593,0.78241457,0.105614873,0,0.107132613
3.467219608,-0.034814542,-0.481540652,0,0.080877791
-0.409993593,-0.840587172,-0.286836229,1,-0.588808583
-0.22019994,-0.619095169,-0.502836448,0,-0.389039713
-0.328653456,1.515629475,1.045672165,0,-0.023698977
0.999902116,1.691295546,0.005220405,0,0.601588904
-0.409993593,-0.821493033,-1.013935558,0,-0.312673173
-0.409993593,-0.79476124,-0.76142826,0,-0.477829325
0.078047229,1.889874582,0.418967304,0,0.347630637
0.281397572,-0.13410406,-0.947005913,0,1.411088191
0.986345427,-0.477798547,0.796207123,0,-0.508097585
-0.409993593,-0.825311861,-0.700583128,0,-0.534952891
0.416964467,-0.557993927,-0.75230149,0,-0.157290512
2.613148168,-0.11882875,1.258630127,0,-0.449236729
0.62031481,3.421224461,2.600265291,0,0.00514576
-0.274426698,-0.588544548,-0.435906803,0,-0.387892612
1.406602802,1.431615267,2.481617283,1,-0.274895671
-0.003292908,1.511810647,-0.076920523,0,0.603767263
-0.409993593,-0.672558756,0.300319296,0,-0.540956684
0.484747915,-0.218118268,-0.140807912,0,-0.256798121
0.281397572,2.997334594,2.366011532,0,-0.018915383
3.019848854,-0.538899789,0.446347613,0,-0.502965367
0.566088052,1.07264547,0.038685228,0,0.282077189
4.727991733,0.778595743,1.30122172,0,-0.251493298
2.409797826,0.629661465,-0.265540433,0,0.319602812
0.023820471,0.17140215,0.355079915,0,-0.236801015
0.091603919,0.0262867,-0.146892425,0,-0.12120586
-0.369323525,0.190496288,0.157333235,0,-0.169873807
-0.057519666,-0.347958408,0.078234564,0,-0.380604709
-0.409993593,-0.882594276,2.040490075,1,-0.624243318
-0.382880214,-0.722203515,-1.004808789,0,0.03400318
-0.22019994,-0.260125372,-0.57280835,0,-0.020897162
-0.409993593,-0.680196411,-0.076920523,0,-0.514528942
-0.409993593,0.755682777,1.173446942,0,-0.236257545
-0.369323525,-0.72984117,-1.126499053,0,2.820877161
-0.409993593,-0.672558756,1.520264196,1,-0.580450316
-0.409993593,-0.011901576,-0.22294884,0,-0.102378304
-0.23375663,-0.447247926,-0.426780033,0,-0.284129893
-0.409993593,-0.745116481,-1.102161,0,1.035820624
0.349181019,1.836410995,1.279925924,0,-0.009400975
-0.206643251,0.438720084,-0.515005475,0,0.525224907
-0.409993593,1.248311541,0.491981462,0,0.090199597
-0.315096767,-0.592363376,-0.721878924,0,-0.234117966
-0.274426698,0.748045121,0.263812217,0,0.011833354
-0.260870009,1.366695197,1.398573931,0,-0.139243275
-0.382880214,-0.806217723,2.396434098,1,-0.612752857
-0.043962976,-0.271581855,2.563758212,1,-0.534403655
1.189695769,-0.004263921,-0.156019195,0,-0.133396355
-0.342210146,0.159945667,-0.737090207,0,0.771971026
0.444077846,-0.19902413,2.277786091,1,-0.515026367
-0.409993593,-0.863500137,-0.60931543,1,-0.588997852
-0.315096767,-0.172292337,2.548546929,1,-0.519286709
-0.409993593,-0.783304757,-0.925710117,0,-0.342459393
-0.301540077,2.665096591,1.489841629,0,0.113740603
3.345209402,1.095558436,-0.648864766,0,1.545382902
3.14185906,2.856037972,-0.569766094,0,2.907087278
-0.409993593,-0.783304757,-0.527174501,1,-0.523740576
-0.315096767,1.496535337,2.131757774,0,-0.226490821
-0.409993593,-0.882594276,2.265617064,1,-0.624459537
-0.260870009,1.114652574,-0.557597067,0,1.230388475
-0.396436904,-0.294494821,-0.213822071,0,-0.272643148
-0.369323525,-0.03863337,0.850967742,0,-0.391005675
-0.409993593,-0.370871373,2.959251571,1,-0.556620967
-0.071076356,1.44307175,-0.302047512,0,0.884844251
0.484747915,-0.477798547,0.519361772,0,-0.48833736
1.027015495,-0.241031234,0.397671507,0,-0.393576921
-0.409993593,-0.901688414,-1.041315868,1,-0.627527513
0.918561979,1.194847954,1.891419502,0,-0.249270936
0.159387366,0.606748499,0.631925266,0,-0.163432165
-0.409993593,1.737121477,-0.454160343,0,1.444513904
-0.409993593,-0.393784339,-0.706667641,0,-0.003530477
-0.409993593,-0.764210619,-0.7796818,0,-0.425669678
1.853973556,2.546712934,1.352940082,0,0.128275745
-0.193086561,0.179039805,-0.055624727,0,-0.086863511
-0.396436904,1.210123264,0.297277039,0,0.172039692
-0.409993593,-0.840587172,-0.679287332,0,-0.556791007
-0.260870009,1.206304437,0.777953583,0,-0.02799385
-0.409993593,-0.603819859,-0.846611445,0,-0.094902633
4.511084701,-0.420516133,-0.046497957,0,-0.388791805
-0.342210146,-0.699290549,1.368151365,1,-0.583434522
0.633871499,0.404350635,1.143024376,0,-0.315115752
0.62031481,0.26687284,-0.405484237,0,0.230368284
-0.369323525,-0.901688414,-0.299005256,1,-0.627527513
-0.409993593,-0.897869586,-1.074780691,1,-0.601001323
-0.179529872,0.285966979,0.9239819,0,-0.313485389
-0.409993593,-0.840587172,-0.998724275,0,-0.411157023
-0.193086561,-0.130285233,1.64195446,0,-0.475932792
-0.396436904,-0.832949516,-0.670160562,0,-0.549450426
-0.409993593,-0.462523236,-0.542385784,0,-0.232933943
-0.274426698,-0.355596063,-0.712752154,0,0.052640581
-0.409993593,1.592006027,-0.721878924,0,2.544033405
1.311705975,0.740407466,-0.06170924,0,0.198552715
-0.409993593,-0.672558756,-0.475456139,0,-0.441963136
3.575673124,0.633480293,-0.9409214,0,3.333211569
-0.409993593,-0.848224827,-1.016977815,0,-0.412960111
-0.409993593,-0.561812755,1.736264415,1,-0.562915299
-0.409993593,-0.691652894,-0.594104147,0,-0.421372886
0.159387366,-0.294494821,0.163417749,0,-0.374272851
0.213614124,2.325220932,2.110461977,0,-0.084395742
-0.396436904,-0.894050758,-0.880076268,1,-0.61220127
-0.382880214,-0.741297653,-0.971343966,0,-0.144750858
0.796551773,-0.34413958,2.080039411,0,-0.532801815
-0.409993593,-0.855862482,-1.11128777,0,-0.036372426
0.294954261,-0.210480613,3.126575684,0,-0.538805232
-0.030406287,0.362343531,0.735361991,0,-0.2599198
-0.396436904,0.293604634,0.114741643,0,-0.109853334
-0.409993593,-0.710747032,-1.077822947,0,0.751834357
-0.396436904,-0.508349168,-0.210779814,0,-0.39837546
1.975983761,0.942805331,-0.125596629,0,0.358022462
-0.409993593,0.92753002,0.282065756,0,0.072381741
0.782995084,-0.470160892,2.070912641,1,-0.554004923
-0.396436904,-0.894050758,-0.7796818,1,-0.616313189
1.013458806,-0.317407787,-0.518047731,0,-0.12264147
1.813303487,2.806393213,0.032600715,0,1.089601173
-0.315096767,-0.855862482,-1.126499053,0,0.292047067
-0.409993593,-0.836768344,0.686685885,1,-0.608148048
-0.111746424,-0.695471722,-0.852695958,0,-0.251337912
-0.409993593,-0.813855378,-0.679287332,0,-0.525843785
-0.342210146,0.400531807,-0.426780033,0,0.356494239
-0.179529872,0.41198829,1.279925924,0,-0.330964711
-0.382880214,-0.202842958,-0.855738215,0,0.660346069
-0.247313319,1.802041547,-0.317258795,0,1.148087403
0.32206764,0.958080641,-0.016075391,0,0.270532956
-0.409993593,-0.787123585,0.306403809,1,-0.584422454
1.908200314,2.176286654,0.178629032,0,0.641611376
-0.396436904,-0.882594276,-0.95004817,0,-0.576058786
-0.342210146,-0.802398895,-1.004808789,0,-0.261574364
-0.369323525,-0.493073857,-0.034328931,0,-0.426995284
-0.409993593,-0.901688414,-1.141710336,1,-0.627527513
-0.409993593,-0.894050758,-1.080865204,1,-0.570054102
0.105160608,-0.519805651,-0.642780252,0,-0.217003147
-0.409993593,-0.897869586,-0.694498615,1,-0.622960089
-0.315096767,-0.084459301,-0.700583128,0,0.363020944
-0.409993593,-0.748935309,2.931871261,1,-0.606986011
0.105160608,1.23303623,0.540657568,0,0.064629835
-0.409993593,-0.863500137,-0.162103708,1,-0.606371656
-0.409993593,-0.210480613,0.765784557,0,-0.429695105
0.674541568,-0.901688414,-0.883118524,1,-0.627527513
-0.409993593,-0.030995715,-0.694498615,0,0.413845024
-0.328653456,-0.466342064,-0.189484018,0,-0.379503454
-0.409993593,-0.878775448,-1.096076487,0,-0.409733533
-0.409993593,-0.748935309,1.368151365,1,-0.594249784
2.342014378,0.560922568,2.299081887,0,-0.394798175
-0.111746424,-0.668739928,-0.947005913,0,-0.008843145
-0.287983388,-0.512167996,1.13998212,0,-0.5342285
8.71365845,-0.275400683,0.221220624,0,-0.377289298
-0.409993593,-0.672558756,2.801054227,1,-0.595696085
-0.369323525,-0.615276342,-0.749259234,0,-0.238609692
-0.409993593,1.359057542,-0.092131806,0,0.542361064
-0.409993593,-0.657283445,-0.785766313,0,-0.262737597
-0.409993593,-0.748935309,-0.648864766,0,-0.461339336
-0.409993593,-0.901688414,-0.919625604,1,-0.627527513
-0.409993593,-0.473979719,1.158235659,0,-0.525890322
-0.342210146,-0.840587172,2.767589405,1,-0.618966694
3.385879471,2.573444728,0.61062947,0,0.454558092
-0.247313319,2.768204937,0.187755802,0,0.875382642
-0.369323525,-0.64964579,-1.089991974,0,1.540041139
0.05093385,-0.56945041,-0.448075829,0,-0.368897162
-0.409993593,-0.77948593,1.173446942,1,-0.598678114
0.932118669,-0.321226614,-0.128638886,0,-0.316454806
0.633871499,2.894226248,2.028321049,0,0.02786718
-0.409993593,-0.073002818,0.169502262,0,-0.283479782
-0.409993593,-0.64964579,-0.755343747,0,-0.280054675
-0.382880214,0.350887048,0.123868413,0,-0.088919545
-0.23375663,-0.370871373,-1.071738434,0,2.923052114
-0.409993593,-0.87495662,-1.102161,0,-0.343541246
-0.409993593,-0.733659998,-0.478498396,0,-0.490833994
-0.409993593,-0.901688414,-0.718836667,0,-0.627527513
-0.152416493,0.530371947,0.020431688,0,0.042499302
-0.409993593,-0.076821646,-0.667118305,0,0.303541749
-0.409993593,-0.897869586,-1.080865204,1,-0.598790807
-0.409993593,-0.787123585,-0.740132464,1,-0.475392012
1.555726386,0.534190774,-0.192526274,0,0.193105498
-0.342210146,-0.527443306,-0.849653702,0,0.048359803
-0.260870009,2.015895894,-0.025202161,0,0.792731878
-0.409993593,-0.806217723,-0.873991754,0,-0.440114215
-0.193086561,-0.657283445,-0.244244637,0,-0.4799035
1.298149286,0.205771598,1.562855788,0,-0.403554981
-0.355766835,0.030105527,0.25164319,0,-0.263280439
-0.409993593,-0.600001031,-0.697540871,0,-0.264295554
0.376294398,-0.611457514,2.566800468,1,-0.584669172
-0.193086561,0.854972295,0.212093854,0,0.079049837
0.918561979,0.530371947,2.521166619,0,-0.41342954
-0.369323525,-0.771848274,-0.925710117,0,-0.314872156
-0.301540077,-0.523624479,-0.670160562,0,-0.198103535
-0.409993593,-0.901688414,-1.105203257,1,-0.627527513
-0.409993593,-0.901688414,-1.038273611,1,-0.627527513
-0.382880214,-0.34413958,-0.289878486,0,-0.272973229
-0.328653456,0.694581535,0.406798277,0,-0.06556527
-0.315096767,-0.32886427,-0.627568969,0,-0.029538263
0.091603919,2.11900424,0.218178368,0,0.582090269
0.294954261,-0.260125372,-0.916583347,0,0.857939116
-0.315096767,-0.894050758,-0.356808131,0,-0.622262773
1.121912322,0.854972295,0.142121952,0,0.117198379
-0.409993593,-0.878775448,-0.791850826,1,-0.592753684
-0.409993593,-0.588544548,0.881390308,1,-0.54299263
1.325262665,1.507991819,2.718913299,0,-0.285666814
-0.409993593,-0.897869586,0.540657568,1,-0.626289306
-0.396436904,-0.894050758,-0.843569188,1,-0.614004357
-0.315096767,-0.787123585,2.764547148,1,-0.611463516
-0.409993593,-0.871137793,-0.597146403,1,-0.597377527
-0.193086561,-0.852043654,0.513277259,1,-0.611166469
-0.396436904,-0.894050758,-1.007851045,0,-0.598790807
-0.409993593,-0.894050758,-1.059569408,0,-0.583031969
-0.409993593,-0.485436202,-0.60018866,0,-0.214476843
-0.206643251,3.073711147,-0.782724056,0,5.257372922
-0.409993593,1.718027339,0.720150708,0,0.140526255
-0.409993593,-0.886413103,-0.883118524,0,-0.596530617
-0.247313319,2.848400317,-0.524132245,0,2.644292187
-0.260870009,-0.393784339,1.526348709,0,-0.52340996
-0.409993593,-0.527443306,-0.676245075,0,-0.197026038
0.660984878,-0.149379371,-0.26858269,0,-0.16063011
-0.409993593,-0.890231931,-0.785766313,1,-0.610427985
-0.125303114,0.278329323,-0.390272954,0,0.221521925
5.527836414,-0.894050758,-0.299005256,1,-0.622618752
0.362737709,-0.057727508,0.053896511,0,-0.243599335
-0.409993593,0.889341744,0.157333235,0,0.122960558
-0.206643251,-0.573269238,-0.06170924,0,-0.462311467
-0.409993593,-0.894050758,-0.797935339,0,-0.615738095
-0.409993593,0.431082428,0.315530579,0,-0.12918663
-0.409993593,1.129927884,0.400713764,0,0.090496474
-0.409993593,-0.87495662,-0.898329807,0,-0.570054102
-0.382880214,0.656393258,-0.280751716,0,0.352924826
-0.084633045,0.641117948,0.291192526,0,-0.040935728
0.484747915,-0.722203515,-0.286836229,0,-0.513790657
-0.409993593,-0.829130689,-1.059569408,0,-0.204819843
-0.369323525,-0.619095169,-0.937879143,0,0.09129487
-0.043962976,-0.374690201,2.728040069,1,-0.552938195
-0.409993593,-0.722203515,-0.858780471,0,-0.293352215
-0.409993593,-0.359414891,-1.013935558,0,1.501487547
-0.355766835,1.133746712,-0.661033792,0,1.641607908
-0.409993593,-0.294494821,-0.846611445,0,0.45820782
-0.369323525,-0.508349168,-0.95004817,0,0.432728253
-0.409993593,-0.798580068,0.400713764,0,-0.591086446
0.32206764,-0.672558756,-0.457202599,0,-0.446825084
-0.409993593,-0.607638686,-0.435906803,0,-0.402504496
0.037377161,0.774776915,1.742348928,0,-0.309491872
-0.409993593,-0.710747032,-0.986555249,0,-0.000544845
-0.409993593,-0.244850062,1.082179244,0,-0.466132791
-0.409993593,-0.821493033,1.800151803,0,-0.612611653
-0.355766835,-0.768029447,-1.035231355,0,-0.008583084
-0.409993593,-0.367052546,-0.037371187,0,-0.364433968
-0.409993593,-0.802398895,-0.819231136,0,-0.464512019
0.484747915,-0.080640474,1.000038316,0,-0.418090506
-0.409993593,-0.550356272,-0.548470297,0,-0.308680045
-0.409993593,0.866428778,2.563758212,1,-0.366216324
-0.382880214,0.194315115,1.240376588,0,-0.376017439
-0.003292908,-0.030995715,0.787080353,0,-0.381058464
-0.409993593,-0.695471722,-0.186441761,0,-0.510411882
-0.409993593,0.232503392,1.766686981,0,-0.414157474
-0.409993593,0.301242289,-0.180357248,0,0.051377157
-0.396436904,0.63729912,0.863136768,0,-0.20830969
-0.409993593,-0.496892685,-0.317258795,0,-0.361686862
-0.409993593,-0.225755924,0.744488761,0,-0.431896863
-0.328653456,-0.088278129,-0.703625384,0,0.365053832
-0.396436904,-0.435791443,-0.636695739,0,-0.132580018
-0.165973182,-0.141741716,-0.073878267,0,-0.240917637
-0.409993593,-0.542718617,-0.137765655,0,-0.433425693
-0.409993593,-0.72984117,-0.995682019,0,-0.030688242
-0.274426698,0.664030914,0.711023938,0,-0.166240101
-0.409993593,-0.546537444,-0.359850388,0,-0.381779134
-0.369323525,0.973355952,-0.484582909,0,0.911714937
-0.369323525,0.54182843,0.6015027,0,-0.175708807
-0.409993593,0.18667746,-0.329427822,0,0.097782695
-0.409993593,-0.901688414,-1.074780691,0,-0.627527513
-0.409993593,1.427796439,-1.010893302,0,8.323650576
1.433716181,2.260300862,1.048714421,0,0.161223611
-0.409993593,-0.852043654,-1.007851045,0,-0.440738926
-0.409993593,-0.768029447,0.464601153,1,-0.582153767
-0.409993593,-0.382327856,-0.867907241,0,0.370308733
-0.301540077,2.707103694,-0.332470078,0,1.786355759
-0.22019994,-0.638189307,-0.785766313,0,-0.234238385
-0.409993593,-0.607638686,-0.898329807,0,0.004680011
-0.382880214,-0.283038338,-0.648864766,0,0.045534604
-0.409993593,-0.512167996,-0.791850826,0,-0.036372426
-0.409993593,0.10648208,-0.247286893,0,-0.016535007
-0.409993593,-0.099734612,-0.460244856,0,0.007704927
-0.274426698,1.775309753,0.917897387,0,0.082408369
-0.396436904,-0.600001031,-0.919625604,0,0.080067212
-0.355766835,0.04156201,0.215136111,0,-0.248969311
-0.409993593,-0.008082749,-0.396357467,0,0.020606378
-0.409993593,-0.370871373,-0.612357686,0,-0.088956446
-0.342210146,-0.210480613,-0.156019195,0,-0.246941387
-0.355766835,-0.790942412,-0.947005913,0,-0.333398879
-0.409993593,-0.172292337,-0.560639324,0,0.048006121
-0.409993593,0.014830217,-0.22294884,0,-0.086601289
-0.382880214,-0.798580068,-1.035231355,0,-0.150056096
-0.409993593,-0.886413103,-1.12041454,0,-0.376734446
-0.409993593,0.007192562,0.79012261,0,-0.370651046
-0.409993593,-0.416697305,-0.508920962,0,-0.214369594
-0.409993593,-0.092096957,-0.031286674,0,-0.23128806
-0.396436904,-0.374690201,-0.861822728,0,0.363888831
-0.247313319,-0.111191095,-0.441991316,0,-0.017425147
-0.409993593,-0.111191095,-0.165145965,0,-0.18825381
-0.030406287,0.083569114,-0.192526274,0,-0.064433585
-0.409993593,-0.737478826,-1.09303423,0,0.855286497
-0.396436904,1.645469614,0.42200956,0,0.260536548
0.159387366,1.359057542,-0.840526932,0,3.336463879
-0.328653456,-0.435791443,-0.536301271,0,-0.213039463
-0.328653456,-0.145560543,-0.767512773,0,0.447723078
-0.409993593,-0.267763027,0.184713545,0,-0.367329706
-0.396436904,-0.378509029,-1.059569408,0,2.420417263
-0.355766835,-0.378509029,-0.630611226,0,-0.078188629
-0.23375663,0.125576218,1.921842068,0,-0.444021903
-0.409993593,-0.405240822,-0.75230149,0,0.051703711
-0.409993593,-0.642008135,0.230347394,0,-0.524454318
-0.111746424,0.140851529,0.534573055,0,-0.288279053
-0.382880214,0.698400362,1.182573712,0,-0.251256274
-0.409993593,-0.775667102,-1.105203257,0,0.794939415
-0.125303114,0.706038018,0.446347613,0,-0.075520529
-0.409993593,0.591473189,0.059981024,0,0.048325233
0.213614124,1.271224506,0.087361333,0,0.334306928
-0.342210146,2.722379005,-0.362892644,0,1.889807899
0.796551773,-0.115009922,0.047811998,0,-0.26784581
-0.382880214,-0.611457514,-0.870949498,0,-0.063917287
0.538974673,-0.321226614,-0.569766094,0,-0.081530106
-0.409993593,-0.260125372,-0.618442199,0,0.030804289
-0.409993593,-0.061546336,-0.475456139,0,0.052875203
-0.409993593,-0.71456586,-0.980470736,0,-0.034643902
-0.409993593,0.068293804,-0.308132025,0,0.002612622
-0.409993593,-0.50453034,-0.682329588,0,-0.164773853
-0.409993593,1.076464297,0.367248941,0,0.086981936
-0.409993593,-0.363233718,-0.800977596,0,0.210791554
-0.260870009,-0.443429098,2.174349366,1,-0.551876953
-0.409993593,-0.11882875,-0.344639105,0,-0.096006492
-0.369323525,-0.462523236,-0.569766094,0,-0.21443737
0.06449054,2.600176521,1.422911984,0,0.119151846
-0.396436904,-0.77948593,-1.013935558,0,-0.147749471
-0.409993593,0.389075324,0.409840534,0,-0.174001918
-0.260870009,0.839696985,0.172544518,0,0.093790162
0.715211636,-0.71456586,-0.39331521,0,-0.49235005
-0.382880214,0.011011389,-0.907456577,0,1.407456974
-0.369323525,0.343249393,0.358122172,0,-0.175141226
-0.409993593,0.392894152,0.476770179,0,-0.191330056
-0.193086561,0.114119735,-0.025202161,0,-0.133039295
-0.409993593,-0.252487717,1.109559554,1,-0.469939127
-0.382880214,-0.596182203,-0.861822728,0,-0.052793401
-0.409993593,-0.600001031,0.291192526,0,-0.512822684
-0.409993593,-0.531262134,-0.207737557,0,-0.412418025
-0.409993593,0.259235185,-0.031286674,0,-0.05933509
-0.382880214,-0.496892685,-0.861822728,0,0.133995186
0.213614124,2.180105482,1.066967961,0,0.134900589
-0.355766835,-0.218118268,-0.347681361,0,-0.161667561
-0.409993593,-0.77948593,-0.840526932,0,-0.413257708
-0.274426698,2.157192516,0.814460663,0,0.226312408
-0.328653456,-0.668739928,-0.788808569,0,-0.276939704
-0.409993593,-0.756572964,-0.858780471,0,-0.357343229
-0.409993593,0.263054013,-0.137765655,0,0.002270946
0.037377161,2.378684518,0.850967742,0,0.271464783
-0.396436904,-0.783304757,-0.518047731,0,-0.525230341
-0.409993593,-0.057727508,-0.353765875,0,-0.047985739
-0.382880214,-0.046271025,-0.375061671,0,-0.024056695
-0.396436904,0.499821326,-0.24120238,0,0.216182164
4.212837531,-0.722203515,0.415925047,0,-0.564707738
-0.369323525,-0.126466405,-0.180357248,0,-0.19001117
-0.409993593,-0.538899789,-0.77055503,0,-0.107529983
-0.396436904,0.446357739,-0.195568531,0,0.145353027
-0.409993593,-0.462523236,-0.904414321,0,0.339707944
-0.409993593,-0.79476124,-0.305089769,0,-0.558312222
-0.084633045,-0.760391791,0.917897387,0,-0.590055861
-0.355766835,0.049199666,1.428996497,0,-0.425253599
-0.274426698,1.794403891,-0.003906365,0,0.66060672
-0.409993593,-0.844405999,-1.08390746,0,-0.177735599
0.281397572,-0.813855378,-0.673202818,0,-0.527130921
-0.409993593,-0.852043654,-1.099118743,0,-0.129424615
-0.260870009,0.690762707,0.120826156,0,0.058861389
-0.409993593,0.706038018,0.495023719,0,-0.091815938
-0.409993593,0.499821326,-0.584977377,0,0.726017423
-0.247313319,1.061188987,-0.24120238,0,0.554125822
-0.409993593,0.007192562,-0.192526274,0,-0.108084277
-0.355766835,-0.77948593,-1.050442638,0,0.021583955
-0.409993593,-0.894050758,-1.144752593,1,-0.167740223
-0.355766835,-0.2639442,0.485896949,0,-0.413841583
-0.409993593,0.26687284,-0.013033135,0,-0.06474787
-0.409993593,2.034990032,0.595418187,0,0.294845772
-0.342210146,-0.149379371,0.966573493,0,-0.432596173
-0.328653456,-0.619095169,-0.682329588,0,-0.298260486
0.078047229,-0.367052546,-0.365934901,0,-0.254727008
0.145830677,-0.79476124,-1.065653921,0,0.038371321
-0.355766835,-0.11882875,-0.800977596,0,0.591305174
-0.396436904,0.339430565,-0.457202599,0,0.351277307
-0.369323525,-0.145560543,-0.25945592,0,-0.163048516
-0.409993593,0.282148151,0.641052036,0,-0.265152784
-0.409993593,-0.901688414,-0.588019633,1,-0.627527513
-0.409993593,-0.890231931,-0.326385565,1,-0.619920738
-0.328653456,1.221579747,1.027418625,0,-0.092712171
-0.409993593,-0.897869586,-1.08390746,1,-0.597541385
-0.409993593,-0.733659998,-1.020020072,0,0.062153422
-0.396436904,1.282680989,0.561953364,0,0.07193613
-0.409993593,-0.145560543,-0.606273173,0,0.131121515
-0.396436904,-0.710747032,-0.980470736,0,-0.022544237
-0.409993593,-0.71456586,-0.460244856,1,-0.47930661
-0.22019994,0.289785806,-0.60931543,0,0.574597915
-0.355766835,-0.653464618,-0.947005913,0,0.031726322
-0.355766835,-0.115009922,-0.776639543,0,0.51823275
-0.409993593,-0.577088065,-0.867907241,0,-0.003879859
-0.193086561,0.259235185,0.096488103,0,-0.117398549
-0.409993593,-0.470160892,-0.794893083,0,0.032929654
-0.396436904,-0.852043654,-0.07083601,1,-0.602342535
0.010263782,0.213409254,-0.253371407,0,0.052833409
-0.396436904,-0.389965512,-0.332470078,0,-0.285241419
-0.098189735,-0.481617375,-0.356808131,0,-0.337966815
-0.301540077,0.484546015,0.1177839,0,-0.028594069
-0.301540077,-0.787123585,-0.864864985,0,-0.409733533
-0.409993593,-0.431972615,-0.524132245,0,-0.217717102
-0.409993593,-0.64964579,-1.001766532,0,0.282851321
-0.22019994,0.518915464,0.151248722,0,-0.029482506
-0.409993593,-0.813855378,-0.992639762,0,-0.328232013
-0.409993593,-0.603819859,-0.916583347,0,0.062153422
-0.057519666,-0.451066754,-0.533259014,0,-0.228594423
-0.409993593,-0.56945041,-0.819231136,0,-0.082052592
-0.409993593,-0.393784339,-0.457202599,0,-0.226970463
-0.409993593,-0.584725721,-0.524132245,0,-0.35098878
-0.409993593,-0.386146684,-0.709709898,0,0.01019116
-0.409993593,-0.523624479,0.075192307,0,-0.458521541
-0.409993593,-0.886413103,-1.117372283,0,-0.397633868
0.023820471,0.877885261,0.206009341,0,0.091468719
-0.396436904,-0.500711513,-0.712752154,0,-0.128103388
-0.409993593,-0.431972615,0.945277697,0,-0.50458439
-0.396436904,-0.359414891,0.303361553,0,-0.423070952
-0.409993593,-0.126466405,0.978742519,0,-0.427805359
-0.409993593,1.481260026,1.374235878,0,-0.109644356
0.240727503,1.248311541,-0.347681361,0,0.837719152
-0.409993593,-0.508349168,-0.755343747,0,-0.085259297
-0.409993593,-0.813855378,-0.800977596,0,-0.490780431
-0.409993593,-0.752754136,-0.08908955,0,-0.550677351
-0.382880214,-0.382327856,-0.305089769,0,-0.291338957
-0.382880214,-0.626732824,-0.974386223,0,0.214117018
-0.409993593,-0.745116481,-1.065653921,0,0.347538636
-0.409993593,-0.561812755,-0.700583128,0,-0.215570444
-0.328653456,-0.775667102,-0.435906803,0,-0.531089077
-0.409993593,-0.813855378,-0.74317472,0,-0.510026316
-0.409993593,-0.771848274,-0.962217196,0,-0.255318754
-0.409993593,-0.11882875,-0.198610788,0,-0.177258113
-0.409993593,-0.50453034,-0.031286674,0,-0.433145894
0.037377161,2.42451045,0.479812436,0,0.491116983
-0.409993593,-0.088278129,-0.484582909,0,0.040209029
-0.396436904,-0.008082749,-0.216864327,0,-0.10354914
-0.409993593,0.022467872,-0.003906365,0,-0.18598575
-0.409993593,-0.840587172,-1.105203257,0,0.062153422
-0.382880214,-0.56945041,1.176489199,0,-0.549195605
-0.369323525,-0.493073857,-0.834442419,0,0.075290202
-0.23375663,-0.783304757,-1.010893302,0,-0.172631577
0.972788737,1.2979563,-1.050442638,0,11.05647891
-0.138859803,-0.542718617,-0.07996278,0,-0.4438731
-0.409993593,-0.638189307,-0.654949279,0,-0.337356876
-0.409993593,-0.886413103,-0.9409214,0,-0.588117174
-0.409993593,-0.294494821,0.050854254,0,-0.350610168
-0.342210146,1.546180096,0.120826156,0,0.427569096
-0.382880214,-0.451066754,0.364206685,0,-0.46443663
-0.382880214,0.079750287,0.029558458,0,-0.171877127
-0.409993593,1.897512237,-0.691456358,0,2.698368047
-0.409993593,0.011011389,-0.776639543,0,0.701776869
-0.003292908,1.263586851,0.917897387,0,-0.053299774
-0.369323525,-0.519805651,-0.533259014,0,-0.289448623
-0.369323525,-0.615276342,-0.603230916,0,-0.34174812
-0.409993593,-0.882594276,-1.029146841,1,-0.543420082
-0.409993593,-0.244850062,-0.454160343,0,-0.111766118
-0.22019994,0.083569114,0.023473945,0,-0.167740223
-0.396436904,-0.64964579,-0.727963437,0,-0.302392215
0.213614124,0.182858633,1.851870166,0,-0.429279147
-0.396436904,0.10648208,-0.183399505,0,-0.056757084
-0.409993593,0.431082428,-0.186441761,0,0.129386469
